gbifID,latitude,longitude,scientificName
2976555904,51.324079,13.394789,Datura stramonium L.
2650027187,51.83386,12.073487,Potentilla reptans L.
3389825366,47.871616,7.903677,Achillea millefolium L.
2644622624,51.447693,7.259026,Lamium amplexicaule L.
2649847936,49.854404,8.000862,Jacobaea vulgaris Gaertn.
2646611106,49.441658,8.171054,Carpinus betulus L.
2975686074,48.001769,10.58322,Lysimachia punctata L.
2645541991,50.143811,8.397619,Glechoma hederacea L.
2975339194,50.886033,14.785383,Silene vulgaris (Moench) Garcke
3731334772,52.096323,6.91148,Prunus serotina Ehrh.
2242828031,52.446024,13.391763,Equisetum arvense L.
3469018797,51.381512,12.256315,Potentilla argentea L.
2839641728,49.810587,6.515865,Orchis purpurea Huds.
1677121785,51.907635,7.655223,Festuca rubra L.
2975191451,53.714315,10.140107,Stellaria holostea L.
3415748564,52.631643,13.486132,Rhamnus cathartica L.
2974997416,48.429489,9.156269,Stellaria neglecta Weihe
2976375624,52.49285,13.472694,Humulus lupulus L.
922796686,50.192123,8.558865,Persicaria lapathifolia (L.) Gray
3389348778,52.464657,12.038014,Hypericum perforatum L.
2646739783,51.320133,6.744408,Hedera helix L.
3455274182,47.719986,12.291785,Oenothera biennis L.
2975713474,50.753685,7.204518,Fagus sylvatica L.
2837231592,50.556171,6.276229,Melica nutans L.
3387853527,50.981518,6.584094,Capsella bursa-pastoris (L.) Medik.
2648120511,52.553721,13.393072,Ajuga reptans L.
2977998082,52.458319,13.885208,Rumex obtusifolius L.
2331499324,52.000244,9.856594,Vinca L.
2974911205,53.477636,10.188597,Glechoma hederacea L.
2646448211,47.605564,8.015931,Acer pseudoplatanus L.
2449387706,52.137531,12.584558,Prunella vulgaris L.
2978314105,49.70054,12.175482,Euonymus europaeus L.
2442833302,54.166405,12.070928,Lamium purpureum L.
3109070490,47.552407,11.412771,Phragmites australis (Cav.) Trin. ex Steud.
2331839365,50.757797,7.104511,Populus nigra L.
921405795,48.726559,9.831969,Daphne mezereum L.
2647015707,49.413058,8.445045,Senecio vulgaris L.
2645134480,51.393595,10.798493,Vinca major L.
2974989373,51.295257,6.852626,Sorbaria sorbifolia (L.) A.Braun
2330073056,52.927765,8.81832,Silene flos-cuculi (L.) Greuter & Burdet
3388341525,48.348186,9.307238,Helleborus foetidus L.
2978289011,49.120484,12.12888,Datura stramonium L.
2330421368,51.907635,7.596986,Stachys palustris L.
2836682179,51.048682,13.022618,Lysimachia vulgaris L.
2976735335,47.914346,11.431434,Claytonia perfoliata Donn ex Willd.
1835301261,49.83012,8.462477,Populus ×canadensis Moench
2646112956,52.985271,9.821336,Prunus laurocerasus L.
3388133507,49.207253,8.34565,Geranium molle L.
2976054219,52.085432,7.592244,Betula pendula Roth
2236911614,51.570667,12.723815,Erigeron canadensis L.
2648529366,48.539003,9.091726,Lamium purpureum L.
2645491477,52.821674,14.071225,Anchusa officinalis L.
2977522781,48.819523,11.452555,Rumex obtusifolius L.
2813933842,54.39188,10.189449,Atriplex prostrata DC.
1899886823,49.735466,8.611454,Portulaca oleracea L.
2644609689,50.696217,7.087762,Syringa vulgaris L.
2331344687,49.988541,8.852921,Urtica dioica L.
2252015765,50.477208,10.229756,Oxalis corniculata L.
1580112508,48.773998,10.290453,Heracleum sphondylium subsp. sphondylium
3388924843,52.002796,10.404449,Salvia pratensis L.
1579860238,48.178631,9.089753,Bellis perennis L.
3716127041,51.431842,6.945443,Stellaria holostea L.
922053347,53.548519,12.342796,Hieracium pilosella L.
2883011376,52.490187,13.257913,Fagus sylvatica L.
2977739679,51.248913,7.161045,Lactuca muralis (L.) Gaertn.
1676804610,54.584293,9.499475,Carex nigra (L.) Reichard
922416702,48.100899,8.945961,Muscari botryoides (L.) Mill.
3406348339,51.970528,7.640664,Hypericum perforatum L.
2644918016,51.447538,7.319617,Alliaria petiolata (M.Bieb.) Cavara & Grande
2646156666,49.498902,8.391802,Viburnum lantana L.
2648918634,53.27973,12.967002,Echium vulgare L.
2648045201,53.195376,13.960096,Fumaria officinalis L.
3330861447,51.958826,10.574607,Reynoutria sachalinensis (F.Schmidt) Nakai
3307147218,49.03952,8.527566,Campanula persicifolia L.
2644178444,51.238879,6.525029,Phytolacca americana L.
2330298629,49.10107,8.269701,Stellaria holostea L.
2646113565,51.374502,6.669237,Humulus lupulus L.
2978211101,50.860516,6.214551,Datura stramonium L.
3387868976,52.233921,8.013694,Euphorbia amygdaloides L.
2251795228,51.673672,11.206944,Geranium pratense L.
2645673082,54.282442,12.313457,Linaria vulgaris Mill.
3327943807,52.117156,8.348849,Urtica dioica L.
3721013542,54.302829,10.23084,Veronica chamaedrys L.
2644695438,54.318856,13.072919,Alliaria petiolata (M.Bieb.) Cavara & Grande
2643957127,47.877254,8.351505,Lonicera xylosteum L.
2844666206,51.516243,9.306428,Impatiens noli-tangere L.
921165470,50.960117,6.637386,Cornus mas L.
2975121355,51.937744,12.667747,Alliaria petiolata (M.Bieb.) Cavara & Grande
1038709215,53.627132,12.185726,Linaria vulgaris Mill.
1919663763,51.052807,13.819303,Arctium lappa L.
2976397112,52.371255,13.292326,Euonymus europaeus L.
3725459989,50.515556,6.990277,Trifolium campestre Schreb.
2329745924,51.223709,7.124232,Ranunculus aquatilis L.
2646088566,51.743987,14.347892,Verbascum thapsus L.
2840478296,50.145788,7.209754,Sedum album L.
2329848995,49.995159,8.856912,Rubus fruticosus L.
921918777,49.431854,8.55895,Geranium pratense L.
3760386122,49.285675,8.573869,Lamium purpureum L.
2976020684,51.141776,12.52118,Prunus spinosa L.
1038696403,48.100899,8.945961,Knautia arvensis (L.) Coult.
2456579977,52.604587,12.989128,Silene latifolia Poir.
3731684121,51.367947,7.636904,Knautia arvensis (L.) Coult.
3722463741,50.012389,8.471414,Senecio inaequidens DC.
2645798596,51.540487,9.935547,Achillea millefolium L.
2975858270,51.423272,6.762233,Origanum vulgare L.
2833464045,51.071507,13.7235,Tanacetum vulgare L.
2975527386,52.250123,13.070493,Echium vulgare L.
3456192639,51.908969,10.331418,Juncus articulatus L.
2569664238,50.171265,8.542793,Allium ursinum L.
2645954700,50.085539,9.060132,Malva alcea L.
3389330269,53.528473,12.690926,Corylus avellana L.
2648775123,48.193424,11.630117,Carex pendula Huds.
2644789904,51.52433,7.121159,Viburnum lantana L.
2331507726,50.000862,6.887882,Viscum album L.
2648581741,48.155531,7.615663,Dipsacus L.
920277831,53.427128,11.623878,Alnus glutinosa (L.) Gaertn.
2330503279,50.228127,8.620362,Symphoricarpos albus (L.) C.Koch
3344033386,51.333831,12.369647,Digitaria sanguinalis (L.) Scop.
2976086193,50.767623,13.695757,Dianthus barbatus L.
2648729193,48.907935,8.697301,Cirsium vulgare (Savi) Ten.
1835263631,52.370502,9.844678,Nasturtium officinale R.Br.
3389556237,47.743565,7.554903,Bupleurum falcatum L.
2977732397,50.59615,6.661023,Ligustrum vulgare L.
2649025202,51.486384,9.126283,Lapsana communis L.
2976969498,49.408348,8.682606,Salvia officinalis L.
2898454049,51.021843,11.030493,Malva sylvestris L.
2012742742,48.013985,8.950853,Polygala L.
2977175628,48.936079,9.082217,Levisticum officinale Koch
2647540378,51.438096,8.900133,Malus domestica Borkh.
3408251497,51.775883,10.424874,Teucrium scorodonia L.
2647513118,52.555384,13.446055,Hedera helix L.
1038785921,48.288334,10.060555,Polygonatum multiflorum (L.) All.
2977620806,51.387624,10.782357,Galium odoratum (L.) Scop.
2273625435,49.073971,11.456948,Anthericum ramosum L.
2649227646,49.838342,9.13714,Echium vulgare L.
2646187227,48.56858,12.179874,Bellis perennis L.
922118448,50.416809,8.229467,Kerria japonica (L.) DC.
1580250680,51.722454,10.989504,"Petasites hybridus (L.) G.Gaertn., B.Mey. & Scherb."
2645598674,53.575736,10.051994,Urtica dioica L.
1338045531,50.084023,8.716621,Alliaria petiolata (M.Bieb.) Cavara & Grande
2646186916,50.969837,7.876652,Origanum vulgare L.
2330329910,51.331375,6.298234,Stellaria media (L.) Vill.
2645982158,51.701474,7.780656,Heracleum sphondylium L.
1676966758,52.00647,7.684342,Dactylis glomerata L.
1579914420,49.064419,8.773441,Cardamine pratensis L.
2978163708,51.157496,14.043838,Digitalis purpurea L.
2976867413,51.050806,7.759237,Ageratum houstonianum Mill.
3389444465,51.826527,9.886794,Papaver L.
2974727787,50.884741,11.584169,Prunus spinosa L.
921405508,47.826294,10.042191,Dactylorhiza majalis subsp. majalis
2646548178,51.405617,6.878914,Jacobaea vulgaris Gaertn.
2331352024,52.908295,10.382006,Vaccinium vitis-idaea L.
2645278507,53.872894,13.91518,Viburnum opulus L.
3388980737,47.889824,11.786446,Asarum europaeum L.
2975762597,52.045197,8.702304,Impatiens parviflora DC.
3723927281,50.674053,6.981536,Dryopteris filix-mas (L.) Schott
2648884108,49.969444,8.287954,Mercurialis annua L.
2818820636,49.477665,10.949694,Cirsium vulgare (Savi) Ten.
2976129919,49.84844,9.633078,Prunus spinosa L.
2977062999,50.730803,12.365392,Datura stramonium L.
2649933931,47.629459,9.527626,Beta vulgaris L.
2977701903,50.503946,6.575529,Viburnum lantana L.
2646367762,50.461042,7.285593,Origanum vulgare L.
922449757,53.332359,10.754156,Nymphaea alba L.
1840935146,48.406399,9.257494,Acer platanoides L.
2330926150,52.024437,7.596986,Tragopogon pratensis L.
1338856167,50.473793,6.457666,Hyacinthoides hispanica (Mill.) Rothm.
2329923963,48.985569,10.227585,Sambucus racemosa L.
3716716886,51.574909,6.950562,Cirsium arvense (L.) Scop.
2645922762,51.604257,7.083884,Oxalis corniculata L.
2974529316,49.013205,8.399127,Tagetes erecta L.
2646176550,47.653554,7.794217,Impatiens glandulifera Royle
2975003733,50.949078,11.352087,Lamium purpureum L.
2975635566,50.087579,8.677493,Euphorbia lathyris L.
2814315829,50.807556,8.145481,Chamaenerion angustifolium (L.) Scop.
3389666774,52.466621,13.612959,Cerastium semidecandrum L.
833584986,49.802777,7.946388,Veronica satureiifolia Poit. & Turpin
2252114103,49.178112,8.48093,Potentilla verna L.
2975034931,51.228016,7.126702,Prunus padus L.
3388029324,48.850765,10.488639,Valeriana officinalis L.
2270428044,50.559315,8.713098,Geum urbanum L.
2974982089,48.630415,12.492091,Ornithogalum umbellatum L.
2649711861,52.47331,13.448679,Cosmos bipinnatus Cav.
2644789933,49.233402,8.581308,Chelidonium majus L.
2645886131,53.529569,8.592709,Cytisus scoparius (L.) Link
2237398227,49.932529,7.983027,Pinus sylvestris L.
2648655349,51.088268,6.031579,Phytolacca americana L.
2648947096,51.258081,6.87028,Stellaria media (L.) Vill.
2978123633,49.239657,8.358648,Robinia pseudoacacia L.
2974790136,52.494492,13.54464,Claytonia perfoliata Donn ex Willd.
2646632402,52.389026,13.753873,Verbascum thapsus L.
3113514660,51.414888,6.958019,Urtica dioica L.
2647953714,48.922498,8.800318,Laburnum anagyroides Medik.
3395402388,49.018127,9.515292,Lamium maculatum (L.) L.
3722466783,50.481027,9.645773,Anthemis tinctoria L.
1999466789,51.270939,6.266735,Corylus avellana L.
2974527802,48.729715,9.100774,Geum urbanum L.
3498671614,50.525368,8.47603,Hieracium indutum (Elfstr.) Dahlst.
921621498,50.659241,10.743256,Eriophorum vaginatum L.
1038785886,49.862221,8.384972,Polygala vulgaris L.
2331326255,51.132023,14.963636,Ulota bruchii Hornsch. ex Brid.
922098176,50.534817,7.066355,Hypericum maculatum Crantz
2646347929,49.665057,10.093114,Cichorium intybus L.
1837846244,51.773647,7.874116,Aesculus L.
2646416799,50.322189,11.915732,Chaenomeles japonica (Thunb.) Lindl. ex Spach
2648698147,50.979862,11.041568,Origanum vulgare L.
3389537525,52.004887,9.856621,Primula veris L.
2862376098,52.690737,12.236653,Tanacetum vulgare L.
1579954996,47.941532,7.788405,Convallaria majalis L.
2028064921,52.453918,13.404007,Cornus mas L.
2646085588,48.444161,10.879362,Tanacetum vulgare L.
1580185307,49.812817,8.438873,Myosoton aquaticum (L.) Moench
921709906,52.945744,10.240674,Filago arvensis L.
2645276461,49.538605,8.438023,Papaver rhoeas L.
3301781591,50.172842,8.629858,Potentilla argentea L.
2646519677,52.262829,10.216742,Castanea sativa Mill.
1676712421,52.373127,9.8277,Arum maculatum L.
2649988382,50.631154,6.315192,Carpinus betulus L.
1337972842,52.401737,13.369331,Armeria maritima subsp. elongata (Hoffm.) Bonnier
2331530413,49.136406,8.914032,Wisteria sinensis (Sims) DC.
2840811428,50.552113,6.238342,Vicia sepium L.
3722020839,50.764437,7.289569,Zea mays L.
2976975434,52.41079,12.556185,Berberis aquifolium Pursh
3389568105,48.079136,11.615623,Artemisia vulgaris L.
920553923,50.62096,9.016503,Anthoceros agrestis Paton
2646815704,51.07003,7.661141,Prunus cerasifera Ehrh.
2330137766,52.517029,13.401043,Solanum nigrum L.
2976673520,51.683683,6.767506,Alliaria petiolata (M.Bieb.) Cavara & Grande
2649442273,48.758357,9.148549,Salix caprea L.
3389335648,51.274429,6.425586,Cardamine hirsuta L.
2645006932,53.060145,8.818723,Symphytum officinale L.
3389228088,52.215767,9.526827,Aegopodium podagraria L.
2331385878,53.323647,13.165655,Vaccinium myrtillus L.
2649037698,54.111261,13.853372,Convallaria majalis L.
2649595520,50.695531,7.1756,Populus nigra L.
2644822358,52.260185,9.546261,Reynoutria japonica Houtt.
2974579940,48.118007,11.185507,Hypericum perforatum L.
922247807,50.556507,8.549809,Luzula multiflora (Retz.) Lej.
2329748746,51.532829,9.934173,Ranunculus L.
2648468435,53.48536,12.951794,Alcea rosea L.
3328152466,48.900681,11.91779,Daucus carota L.
2975457759,48.004305,7.857966,Eupatorium cannabinum L.
2644859126,49.732648,10.621946,Achillea millefolium L.
2977107039,54.081177,13.167821,Lonicera xylosteum L.
2329745644,49.136658,8.914343,Ranunculus repens L.
2977387499,52.132111,11.576874,Vitis vinifera L.
3732373187,54.350861,10.140577,Clematis vitalba L.
3388413656,52.495255,13.27232,Rubus caesius L.
2646738596,52.14739,7.203939,Betula pendula Roth
2648154353,47.754854,9.835053,Lamium galeobdolon (L.) L.
2649654944,54.351357,13.46654,Fagus sylvatica L.
2647829413,49.453567,8.6677,Lactuca sativa L.
2649203540,48.423394,10.302884,Cornus sanguinea L.
3337375875,50.096211,8.25885,Buddleja davidii Franch.
2644719416,50.977053,6.91338,Prunus avium (L.) L.
3388615762,49.362045,8.589212,Solanum physalifolium Rusby
2974338365,49.493911,11.227639,Ajuga genevensis L.
2975354620,54.05553,11.960942,Trifolium repens L.
2329579341,47.809746,9.982713,Prunus spinosa L.
2643932347,50.982659,7.057985,Oenothera biennis L.
3698149605,49.050591,9.155235,Lamium maculatum (L.) L.
3772882436,51.817303,9.909244,Primula veris L.
2331482208,51.308968,6.35705,Veronica persica Poir.
2329848431,50.870422,7.625188,Rumex crispus L.
2648670707,50.606157,10.681819,Echium vulgare L.
3389195690,52.737164,7.648085,Carpinus betulus L.
3388436752,48.732418,10.133429,Campanula trachelium L.
2840342985,50.762044,6.115087,Hippophae rhamnoides L.
1677386032,52.00647,7.626105,Lycopus europaeus L.
920247479,48.924023,9.414854,Aegopodium podagraria L.
2977013625,51.410933,6.776224,Glechoma hederacea L.
3388157902,52.411617,13.083932,"Anchusa arvensis Tausch, 1824"
1676859408,47.605499,7.970238,Cirsium arvense (L.) Scop.
1338470133,48.873989,10.290451,Clematis vitalba L.
2975634757,52.473712,13.435931,Castanea sativa Mill.
3456326967,49.967293,7.927525,Kindbergia praelonga (Hedw.) Ochyra
2648475475,52.376192,9.905183,Calendula officinalis L.
1676575082,51.485195,7.042207,Acer pseudoplatanus L.
2647568164,48.956053,8.422701,Euphorbia peplus L.
1848583877,50.109734,8.555388,Alnus incana (L.) Moench
2646337484,51.519294,14.610253,Juniperus communis L.
923095523,53.728252,7.376118,Populus tremula L.
2836962692,51.002975,5.911903,"Convolvulus sepium Pall., 1776"
2645740728,48.168054,11.554085,Acer campestre L.
2840166653,50.641798,10.14592,Melampyrum nemorosum L.
921583063,53.692505,9.518674,Epipactis helleborine (L.) Crantz
2647190407,49.798531,8.616681,Prunus laurocerasus L.
2329999063,49.186863,8.13633,Securigera varia (L.) Lassen
3388629022,50.721813,9.232249,Vicia sepium L.
3716567932,49.795803,8.939023,Bromus hordeaceus L.
2976103772,52.240094,13.609723,Symphytum officinale L.
2647693209,47.821921,7.83659,Achillea millefolium L.
2977607938,51.479042,7.462896,Impatiens parviflora DC.
2331348610,49.310482,8.822224,Valeriana officinalis L.
2977327225,51.964182,7.60879,Geranium sanguineum L.
2975660962,52.651542,13.725134,Dipsacus L.
2329747829,53.875259,10.699405,Ranunculus L.
3398908026,52.339271,9.880129,Filipendula ulmaria (L.) Maxim.
2978095808,49.043259,12.116735,Cornus sanguinea L.
922235858,50.465462,6.582962,Lotus corniculatus L.
3388955298,47.860229,8.042439,Pilosella aurantiaca (L.) F.W.Schultz & Sch.Bip.
3333396225,51.301836,8.505835,Glechoma hederacea L.
2646161625,49.326618,11.018448,Succisa pratensis Moench
3389086279,54.118389,13.484688,Stellaria holostea L.
2977419471,52.259623,8.054485,Acer pseudoplatanus L.
2646115131,54.312633,13.090713,Alcea rosea L.
921379459,49.503319,8.556223,Cynoglossum officinale L.
2644174270,51.537909,6.823611,Sambucus nigra L.
1677185797,53.800602,12.172723,Geranium robertianum L.
2843096169,50.228714,6.65217,Mercurialis perennis L.
1668738210,50.652332,8.559784,Centaurium Hill
2649684856,49.572156,10.86965,Impatiens glandulifera Royle
3387778268,50.834053,6.450644,Leucanthemum vulgare Lam.
3389443458,51.060196,13.746214,Hordeum murinum L.
3387704598,52.370583,12.5777,Hypericum perforatum L.
2975902709,48.246348,9.683655,Sorbus aucuparia L.
2644644602,50.06554,8.838219,Claytonia perfoliata Donn ex Willd.
2974666634,49.629382,11.018727,Lythrum salicaria L.
2976875045,47.964885,11.300779,Lysimachia punctata L.
2974564397,53.14631,8.600859,Sarracenia purpurea L.
2976096870,52.743856,10.884974,Viburnum opulus L.
2837536347,50.515991,6.247972,Rhinanthus minor L.
3721870438,50.390302,6.711032,Origanum vulgare L.
1676781775,49.808968,7.559881,Carlina vulgaris L.
2442823447,50.171959,8.626347,Lamium galeobdolon (L.) L.
3388012492,51.847893,12.248376,Stellaria media (L.) Vill.
2644523354,47.556568,11.133328,Hippocrepis emerus (L.) Lassen
1677102923,50.473797,7.790802,Euonymus europaeus L.
2645758145,50.290708,11.930963,Trifolium repens L.
2838548380,50.898212,13.913749,Fragaria vesca L.
1338871661,48.848671,9.404197,Juglans regia L.
2844440592,50.433761,6.61314,Anemone ranunculoides L.
2974301329,51.208685,7.050857,Gleditsia triacanthos L.
2452374962,49.74432,8.582526,Robinia pseudoacacia L.
2648222850,52.646993,13.367862,Salvia pratensis L.
2977591785,49.991487,8.883129,Robinia pseudoacacia L.
2329932344,49.25946,8.515134,Saponaria officinalis L.
2366088548,51.928482,10.493705,Laburnum anagyroides Medik.
921492893,49.93367,7.935498,Echinops bannaticus Rochel ex Schrad.
2977126364,53.224214,10.384802,Aurinia saxatilis (L.) Desv.
1677386106,51.961544,7.495072,Lycopus europaeus L.
3387842758,52.401306,12.595209,Taraxacum officinale Weber ex Wiggins
3498685436,49.333008,11.421404,Eranthis hyemalis (L.) Salisb.
3113575152,48.079263,11.619261,Primula veris L.
2644745367,52.98329,11.33493,Syringa vulgaris L.
3387992666,51.2061,7.180732,Lavandula L.
3730563717,51.209782,8.407258,Carex sylvatica Huds.
2643952387,47.63482,7.814561,Cosmos bipinnatus Cav.
2978225827,54.092053,9.945808,Impatiens parviflora DC.
2648501848,54.316236,10.068969,Bellis perennis L.
2649182691,50.575255,13.003338,Monotropa hypopitys L.
2974738062,48.795216,9.250634,Alliaria petiolata (M.Bieb.) Cavara & Grande
2645819323,51.467355,6.939416,Cirsium arvense (L.) Scop.
2330869654,49.32259,8.657181,Tragopogon pratensis subsp. pratensis
2842621422,50.337523,6.61432,Platanthera chlorantha (Custer) Rchb.
2645581427,47.74111,12.303481,Lotus corniculatus L.
2648153365,48.58282,9.266334,Vinca minor L.
2611271073,48.137727,11.471491,Acer campestre L.
2647993905,50.478329,8.895881,Brassica oleracea L.
3727398482,51.458008,6.947793,Lathyrus pratensis L.
2329933298,53.873436,13.206587,Saponaria officinalis L.
2330881786,54.116177,13.773079,Trifolium pratense L.
2649555691,52.094811,11.629777,Hedera helix L.
2976358274,51.486446,11.53839,Nicandra physalodes (L.) Gaertn.
2350489419,51.273712,10.457064,Echinops L.
2329733202,48.876923,9.366478,Ranunculus acris L.
2646249878,50.104503,8.561206,Humulus lupulus L.
700552718,52.259519,7.021905,Bidens frondosa L.
2977609101,51.97974,7.644594,Spiraea japonica L.fil.
2644558634,53.259833,9.807278,Lamium purpureum L.
3764483623,50.072096,8.795944,Struthiopteris spicant (L.) Weiss
2644906774,49.313399,8.436314,Chelidonium majus L.
1668756748,50.47892,6.52766,Euphrasia rostkoviana subsp. rostkoviana
2330000411,51.614258,10.661738,"Senecio ovatus (G.Gaertn., E.Mey. & Scherb.) Willd."
3698284349,52.49416,13.324768,Carduus nutans L.
2647722978,50.624972,12.922735,Matricaria discoidea DC.
833567182,50.147777,7.723054,Poa compressa L.
3031996017,52.485682,13.315555,Plantago lanceolata L.
1899877910,53.591419,9.652898,Oenothera L.
2648975961,49.96772,7.494806,Tanacetum vulgare L.
2647777303,51.531348,6.751518,Convolvulus arvensis L.
3388862149,52.413593,13.745218,Alliaria petiolata (M.Bieb.) Cavara & Grande
2645309588,53.955717,10.074304,Dipsacus L.
1338319732,49.082863,8.789878,Chelidonium majus L.
1580015076,53.734245,9.849576,Drosera rotundifolia L.
2645319210,48.302708,8.198447,Urtica dioica L.
2975753713,52.47154,13.195858,Trifolium arvense L.
2442851492,50.449089,9.238472,Lamium maculatum (L.) L.
2329723553,48.549999,9.9,Ranunculus acris L.
3387816130,47.678009,12.149166,Cephalanthera longifolia (L.) Fritsch
2649441582,47.542715,10.056454,Mentha longifolia (L.) Huds.
2976785546,49.486334,9.630002,Erigeron annuus (L.) Desf
2975581103,48.220367,9.029936,Campanula persicifolia L.
2835955307,53.57771,6.711792,Plantago lanceolata L.
2647061335,50.06175,11.54781,Scilla luciliae (Boiss.) Speta
2645794634,52.027793,8.386476,Galeopsis tetrahit L.
921579244,47.474636,10.303888,"Encalypta streptocarpa Hedwig, 1801"
2644506707,54.311126,10.209254,Fumaria officinalis L.
1579845309,51.404346,6.444554,Arctium minus (Hill) Bernh.
2646215751,49.454986,11.063621,Impatiens glandulifera Royle
2645811124,53.921966,10.681627,Malva sylvestris L.
2975860450,53.711344,10.052122,Euonymus europaeus L.
2974620249,49.971654,11.654764,Cichorium intybus L.
3388269239,50.617996,7.960563,Luzula campestris (L.) DC.
2644446721,50.799957,6.880357,Fritillaria meleagris L.
2458344618,49.389374,9.085876,Alliaria petiolata (M.Bieb.) Cavara & Grande
2329635338,50.160515,10.763984,Pulmonaria officinalis L.
3389638806,52.398228,12.983658,Prunus padus L.
2978201430,51.40986,13.444345,Lunaria annua L.
2977282308,51.105041,6.515973,Cornus mas L.
3389581772,52.401909,12.463888,Calystegia sepium (L.) R.Br.
2977080726,51.152565,11.038036,Campanula glomerata L.
2974965139,51.488839,7.708945,Tellima grandiflora (Pursh) Douglas ex Lindl.
2242475941,51.510628,7.46439,Plantago lanceolata L.
2977778936,51.121611,9.135514,Lythrum salicaria L.
2862488379,48.605047,10.175836,Globularia bisnagarica L.
2974504636,49.687605,8.359655,Cardamine flexuosa With.
921611722,48.872166,9.396229,Erigeron annuus (L.) Pers.
2868100708,48.432264,10.965452,Impatiens glandulifera Royle
2977081025,48.273886,10.872992,Plantago major L.
2977374862,48.581071,9.523523,Fagus sylvatica L.
1338462844,49.961658,9.75071,Cephalanthera rubra (L.) Rich.
2975894288,51.326769,9.420214,Prunella vulgaris L.
2329737981,48.862316,9.383979,Ranunculus L.
2977454934,52.02839,7.123327,Viburnum opulus L.
2329742094,48.424206,9.212358,Ranunculus bulbosus L.
2647216348,50.928972,7.052785,Lysimachia punctata L.
2646219891,49.601969,11.23375,Trifolium incarnatum L.
3705504512,52.473354,13.298213,Stellaria media (L.) Vill.
922133978,48.832779,9.466087,Lathyrus pratensis L.
2645280110,52.308775,9.161437,Phytolacca americana L.
2648907659,52.156648,8.042947,Verbascum nigrum L.
1807833946,51.988499,7.611546,Galinsoga parviflora Cav.
2645754803,50.556033,7.049631,Sanguisorba officinalis L.
2977470669,52.52439,13.324581,Cornus mas L.
3389724471,49.830875,8.354347,Ranunculus aquatilis L.
2814117036,47.96174,7.785897,Campanula rapunculoides L.
1990677250,47.636116,8.207109,Epilobium L.
2647654579,49.750779,6.640554,Bellis perennis L.
2856761744,49.330078,11.942797,Ficaria verna Huds.
2330505441,53.934753,10.317042,Syringa vulgaris L.
2974867677,53.494422,10.210775,Acer pseudoplatanus L.
3468847670,51.380215,12.247258,Crataegus laevigata (Poir.) DC.
2975650069,50.031561,10.507341,Saponaria officinalis L.
3355286695,53.234778,13.260022,Solidago virgaurea subsp. virgaurea
2838034300,50.368049,6.621323,Ononis spinosa L.
2331508244,52.37434,10.006485,Viburnum opulus L.
2331516376,50.280563,6.657543,Viola odorata L.
2975822449,49.676053,11.647702,Silene vulgaris (Moench) Garcke
2644333763,49.399388,7.568888,Ilex aquifolium L.
2331502426,52.447952,13.467264,Vicia hirsuta (L.) Gray
2648187556,50.994778,11.055258,Plantago lanceolata L.
1913138418,51.06686,6.875381,Diplotaxis tenuifolia (L.) DC.
922482316,53.705471,7.137551,Ornithogalum umbellatum L.
2647381521,50.773402,9.81653,Chenopodium album L.
2645435887,50.849347,7.431568,Geranium sanguineum L.
920774564,49.12957,10.102285,Briza media L.
2649505197,54.792635,9.452445,Reynoutria japonica Houtt.
3389800674,47.70697,8.218907,Rubus bifrons Vest ex Tratt.
2649759234,48.194286,11.444805,Borago officinalis L.
3389628327,53.642239,10.869528,Tanacetum vulgare L.
1579839871,51.424995,9.713759,Arrhenatherum elatius (L.) P.Beauv. ex J.Presl & C.Presl.
2644683041,53.027588,8.827741,Glechoma hederacea L.
1339037830,48.894997,9.492724,Medicago lupulina L.
2644434163,51.70956,7.96184,Impatiens glandulifera Royle
1893194946,47.692261,9.852776,Conyza canadensis (L.) Cronquist
1835172038,49.238644,8.789148,Acer pseudoplatanus L.
2977718689,52.515481,13.626592,Convolvulus arvensis L.
923113156,54.133881,13.29114,Potentilla anserina Jeps.
2647944105,48.76179,9.37447,Corylus avellana L.
3388755657,50.619255,11.15564,Geranium pyrenaicum Burm.f.
3307247708,51.817722,8.014967,Sedum acre L.
2645447488,50.225628,6.668984,Lysimachia punctata L.
2974411608,52.727858,9.247975,Datura stramonium L.
2975780616,52.197306,8.57352,Borago officinalis L.
2649414701,53.861292,9.737217,Jacobaea vulgaris Gaertn.
2273634109,52.430248,13.706851,Echium vulgare L.
2626491364,51.678943,9.934413,Silene latifolia Poir.
1338928012,49.916885,8.755803,Leucanthemum vulgare Lam.
2330809175,53.201233,9.200271,Tropaeolum majus L.
2645058344,51.003131,7.615986,Corylus avellana L.
2649195296,53.592594,10.04737,Melissa officinalis L.
3388650671,51.818348,9.904326,Chaerophyllum bulbosum L.
1893205487,49.009171,9.170774,Galium sylvaticum L.
3389105256,47.674126,10.873716,Primula farinosa L.
3388952429,47.911293,7.898698,Adenostyles alliariae (Gouan) A.Kern.
2976014893,52.518023,13.131737,Artemisia vulgaris L.
922088390,50.284073,6.559181,"Hieracium piloselloides Wallr., 1822"
3387955298,48.304047,10.93412,Potentilla erecta (L.) Raeusch.
2647081891,48.135105,11.368208,Geranium robertianum L.
3717959589,50.327969,6.537881,Matricaria discoidea DC.
2974757964,51.400757,7.754872,Alliaria petiolata (M.Bieb.) Cavara & Grande
2645105893,48.778133,8.716619,Crepis capillaris (L.) Wallr.
3732560661,50.413788,7.259281,Stachys sylvatica L.
1677053773,48.07716,10.137997,Dipsacus fullonum Thore
920751473,49.998787,8.571162,Borago officinalis L.
2974534008,48.320803,10.010753,Chaerophyllum aureum L.
2331486585,49.219837,8.159318,Viola odorata L.
2236268548,51.152036,6.978628,Lunaria annua L.
2330087596,51.734604,9.962282,Silene viscaria (L.) Jess.
2976930343,49.503681,8.538874,Arctium minus (Hill) Bernh.
2977780264,49.783572,6.847574,Digitalis purpurea L.
2648410935,51.359353,12.269664,Laburnum anagyroides Medik.
3387719452,52.007164,9.87009,Aquilegia vulgaris L.
2644600415,50.594828,7.024,Fumaria officinalis L.
2273224776,50.239522,6.678209,Campanula persicifolia L.
1677402212,49.973045,8.912658,Mentha aquatica L.
921692196,53.738865,11.426811,Fagus sylvatica L.
3388767896,48.97374,10.254192,Oenothera glazioviana Micheli
2644344011,50.927043,6.936411,Crataegus monogyna Jacq.
2974802086,52.989344,8.875316,Ilex aquifolium L.
2647266651,49.747834,6.676768,Geranium pratense L.
2645541796,49.822615,8.826601,Lysimachia punctata L.
1881627805,50.65987,9.053898,Holcus lanatus L.
2423003116,52.487705,13.320603,Acer campestre L.
2643697219,51.477703,7.143981,Plantago lanceolata L.
3727815008,50.386765,6.580243,Galium mollugo L.
1338753562,49.817219,7.834969,Galeopsis angustifolia Ehrh. ex Hoffm.
2329842918,51.487583,6.907139,Rumex acetosella L.
833553472,49.715555,8.120277,Hieracium pilosella L.
3388700016,49.899815,8.49658,Vicia L.
2329753866,52.412754,12.964049,Fallopia convolvulus (L.) Á.Löve
1883805962,48.859268,10.419005,Echium L.
2381414136,51.424633,9.972668,Hordelymus europaeus (L.) Jess. ex Harz
2976806658,47.645156,7.731329,Silene dioica (L.) Clairv.
2646522096,49.79504,12.157403,Oenothera biennis L.
3759906458,50.044106,8.359972,Bellis perennis L.
2977973905,50.076927,10.963559,Helianthus annuus L.
2647142263,49.79611,10.183314,Datura stramonium L.
922045859,49.998787,8.571162,Hedera helix L.
920219511,47.513172,10.379033,Clinopodium alpinum (L.) Kuntze
2649831549,50.941219,6.54691,Betula pendula Roth
3772571203,52.507336,13.263647,Chelidonium majus L.
2975925843,52.914069,7.281627,Aquilegia vulgaris L.
3722114234,51.164288,7.142546,Circaea lutetiana L.
2975568233,50.913783,12.070551,Hypericum perforatum L.
1913140227,49.834522,8.425484,Eupatorium cannabinum L.
3387954554,51.623932,10.295391,Limosella aquatica L.
2626382538,48.433854,11.639469,Silene dioica (L.) Clairv.
2977501750,50.976442,11.331767,Geranium pratense L.
2645900148,50.173167,8.920794,Datura stramonium L.
2644354150,54.16259,10.545187,Calendula officinalis L.
1668733662,48.574017,8.707347,"Buxbaumia viridis Mougeot & Nestler, 1823"
3732109987,50.70592,7.10093,Chaerophyllum temulum L.
1338713634,47.973255,7.82324,Filipendula ulmaria (L.) Maxim.
2645157039,50.769635,6.148237,Sambucus nigra L.
3384127349,52.795346,12.838557,Impatiens glandulifera Royle
2646197401,52.201352,8.977153,Hypericum perforatum L.
2648591003,54.089491,13.386558,Prunella vulgaris L.
1931422908,49.795055,7.931652,Cichorium intybus L.
2646939917,51.953183,7.535725,Ribes sanguineum Pursh
3447402768,51.526821,7.376771,Cyclamen coum Mill.
3764514664,48.041918,7.735628,Silene flos-cuculi (L.) Greuter & Burdet
2644142157,49.784851,8.810615,Eupatorium cannabinum L.
3389719943,53.502293,10.754156,Rosa canina L.
2646220397,53.830129,10.429232,Viburnum opulus L.
2977018041,51.028654,7.826416,Ajuga reptans L.
2647266752,49.859034,10.238955,Trifolium repens L.
2645604589,51.287774,9.274318,Matricaria chamomilla L.
2643856954,49.228074,9.153585,Allium schoenoprasum L.
3388359173,51.360451,14.0577,Tilia platyphyllos Scop.
700518274,52.44545,6.890373,"Philonotis fontana Bridel, 1827"
3395397428,50.713959,6.384865,Conyza canadensis (L.) Cronquist
2329799508,50.802578,8.809598,Rhododendron ponticum L.
2647982982,51.466438,11.975612,Myrica gale L.
2646542502,50.985629,10.321297,Datura stramonium L.
2647374711,50.95385,13.326305,Raphanus raphanistrum L.
3730527635,51.499454,7.443914,Euphorbia peplus L.
2644864828,51.38924,6.812235,Viburnum rhytidophyllum Hemsl. ex Forbes & Hemsl.
2974337106,48.506002,8.979847,Vitis vinifera L.
2242935206,52.492193,13.32165,Vinca major L.
2975987679,51.660152,7.14685,Achillea millefolium L.
1932377342,50.086914,8.560281,Populus L.
2977448030,53.546468,11.284973,Prunus cerasifera Ehrh.
3388048390,48.849762,9.399324,Impatiens noli-tangere L.
2646337517,52.451823,13.339826,Populus nigra L.
3389402274,50.885113,6.395373,Senecio vulgaris L.
2645818665,49.182059,9.504818,Crataegus germanica (L.) Kuntze
2837018806,51.006233,13.790424,Taxus baccata L.
2648870017,51.289637,6.84483,Geum urbanum L.
2330442232,49.272221,11.316112,Succisa pratensis Moench
2242343924,52.233044,12.977075,Chelidonium majus L.
2975839646,48.764307,8.850019,Prunus domestica L.
2429383146,49.752295,7.270902,Impatiens glandulifera Royle
2647706381,53.681339,10.011035,Aurinia saxatilis (L.) Desv.
2974692008,53.1719,11.293463,Bellis perennis L.
2977746558,48.696858,9.925817,Sorbus aucuparia L.
2644091670,49.344866,11.397228,Chenopodium album L.
2012710216,49.363594,7.311573,Bellis perennis L.
1338186750,53.03619,11.392278,Bidens radiata Thuill.
2974652736,52.283701,13.45633,Acer negundo L.
2252089294,53.573441,7.207545,Myosotis ramosissima Rochel
2649047590,48.740745,9.218794,Calendula officinalis L.
2975214978,47.908693,8.538246,Syringa vulgaris L.
2645973194,50.674062,7.260034,Prunus laurocerasus L.
2649477458,51.297935,11.191991,Humulus lupulus L.
2832590177,53.583751,6.675934,Aegopodium podagraria L.
3388649264,51.367283,6.682351,Silene vulgaris (Moench) Garcke
1579780590,53.125298,11.486271,Allium scorodoprasum L.
2977635029,49.020958,12.107211,Coreopsis tinctoria Nutt.
2978212639,51.618666,6.907625,Borago officinalis L.
2649221451,50.338041,10.141206,Nicandra physalodes (L.) Gaertn.
2976625589,51.525447,7.286493,Trifolium incarnatum L.
2331487684,50.884464,7.148023,Vicia cracca L.
2977886770,53.553003,9.865131,Castanea sativa Mill.
3327929993,49.919869,8.730225,Malva moschata L.
3388897369,50.704868,6.627252,Phoenix dactylifera L.
3389685813,49.976963,8.496466,Viola arvensis subsp. arvensis
2648159663,51.02334,13.712021,Lamium galeobdolon (L.) L.
2649011891,47.826619,8.179269,Digitalis purpurea L.
2649378974,47.850578,7.706245,Verbascum thapsus L.
1038475925,48.288334,10.060555,Alliaria petiolata (M.Bieb.) Cavara & Grande
2976107702,54.142738,12.572096,Ilex aquifolium L.
2647816651,52.374529,9.808442,Chelidonium majus L.
2643884502,51.224181,6.867536,Bellis perennis L.
2644720577,49.571275,11.195044,Syringa vulgaris L.
3328106304,50.214753,9.391372,Carex remota L.
3388492332,51.42947,7.030824,Reynoutria japonica Houtt.
2329549204,48.805847,9.172211,Primula elatior (L.) L.
2643707403,51.330039,6.354924,Chelidonium majus L.
2645490130,52.409246,9.652332,Lathyrus latifolius L.
3384303499,52.439697,13.241133,Trifolium pratense L.
2649024678,47.755782,12.904515,Campanula trachelium L.
2647156278,53.615472,9.963138,Sempervivum tectorum L.
2644205160,52.871304,7.898433,Datura stramonium L.
2644223300,51.968522,7.662423,Calendula officinalis L.
2975823951,50.960005,6.308498,Persicaria maculosa Gray
2977079952,51.514427,10.461289,Vinca major L.
2976027323,49.334231,7.374924,Lythrum salicaria L.
2974656477,48.848994,9.681695,Euonymus europaeus L.
3032070606,52.114152,10.371008,Viscum album subsp. album
2647180110,49.531807,11.020258,Bellis perennis L.
1841137805,49.97319,8.253535,Malus Mill.
3389717788,53.641178,10.1648,Impatiens parviflora DC.
2647192142,49.81922,7.927408,Syringa vulgaris L.
2974404616,51.63386,7.854615,Dipsacus L.
2647950202,50.216685,10.468968,Silene dioica (L.) Clairv.
2646612165,49.661038,11.385024,Borago officinalis L.
2648042791,51.812405,8.033717,Prunus spinosa L.
2442750840,49.402653,8.662139,Galium mollugo L.
833562072,49.947499,10.338888,Mercurialis annua L.
2975243779,52.695941,11.008066,Vinca major L.
2646967105,48.224682,9.020431,Hedera helix L.
2977315179,51.028696,11.513465,Fagus sylvatica L.
3731607362,50.110157,7.242558,Lamium maculatum (L.) L.
2330013520,50.396263,8.838501,Senecio L.
2645447058,49.118903,7.530143,Sambucus nigra L.
2647032676,50.68804,7.205228,Corydalis solida (L.) Clairv.
2442936017,53.908607,10.721795,Linaria vulgaris Mill.
3388368596,49.9426,8.469744,Alopecurus pratensis L.
2609301101,50.75976,13.776996,Primula elatior (L.) L.
922306010,49.119053,8.910427,Mentha arvensis L.
3314407601,50.134911,8.73388,Daucus carota L.
2283872983,47.724129,12.123542,Circaea lutetiana L.
2978275327,49.324634,8.109795,Castanea sativa Mill.
2977699455,53.604703,11.460824,Verbena bonariensis L.
2329812290,49.346291,8.643976,Ribes spicatum E.Robson
2644849283,50.541091,7.224906,Cytisus scoparius (L.) Link
1580309379,51.310913,6.250126,Populus ×canadensis Moench
1586162404,51.585194,9.888798,Heracleum sphondylium subsp. sphondylium
2646680592,53.700627,9.720022,Alnus glutinosa (L.) Gaertn.
2976472367,50.514934,11.175345,Bellis perennis L.
1580200110,47.944538,7.787933,Orchis purpurea Huds.
920192352,52.839832,10.051624,Acer platanoides L.
2329635562,51.998745,9.840518,Pulmonaria obscura Dumort.
1338527255,50.858364,7.17373,Dactylorhiza fuchsii (Druce) Soó
2329720830,50.88903,8.822284,Ranunculus arvensis L.
2974358422,53.348673,8.459011,Sinapis arvensis L.
2330160266,51.988499,7.611546,Solanum nigrum L.
2974839326,50.809618,8.760362,Alliaria petiolata (M.Bieb.) Cavara & Grande
3389079243,51.166023,6.801181,Cruciata laevipes Opiz
1339199621,51.124008,13.834293,Oenothera biennis L.
2646298109,50.634043,11.73063,Tussilago farfara L.
2644962987,52.570105,13.364668,Humulus lupulus L.
2270422350,53.738914,10.958562,Circaea lutetiana L.
2646599498,50.650467,12.5622,Acer pseudoplatanus L.
2465170587,52.506455,13.268623,Hedera helix L.
2977523376,48.08078,9.193039,Prunus cerasifera Ehrh.
2647964007,51.506357,11.946671,Prunus laurocerasus L.
2645728028,48.728022,8.348997,Lactuca muralis (L.) Gaertn.
1291111816,51.350847,12.443628,Berteroa incana (L.) DC.
2647182744,51.386135,7.395952,Geranium robertianum L.
2976432402,50.548823,9.674155,Cornus mas L.
1677238863,52.015453,7.553309,Hypericum tetrapterum Fries
2976353612,51.359093,9.532602,Fagus sylvatica L.
2976960824,51.354083,7.495195,Euphorbia cyparissias L.
2647671449,51.081018,6.600645,Veronica persica Poir.
1580262853,48.809803,9.547548,Phragmites australis (Cav.) Trin. ex Steud.
2975756547,50.968853,7.138389,Eupatorium cannabinum L.
2619957404,51.351077,12.358176,Milium effusum L.
833586067,49.827221,8.170554,Viola odorata L.
2976212717,49.351528,7.11972,Linaria vulgaris Mill.
2974731593,50.323049,6.622212,Alliaria petiolata (M.Bieb.) Cavara & Grande
920515821,47.62595,8.179869,Anthyllis vulneraria L.
2648042538,53.612232,10.701866,Prunus spinosa L.
2329895046,47.692028,10.076265,Sambucus nigra L.
2648661746,49.423429,8.396384,Papaver rhoeas L.
3728348991,50.547172,6.36413,Clinopodium vulgare L.
1338772541,53.871609,10.69622,Geum urbanum L.
2647899774,54.348727,10.117045,Clinopodium vulgare L.
1339523252,51.908901,8.375672,Pachysandra terminalis Siebold & Zucc.
2646540849,47.664612,9.35778,Syringa vulgaris L.
2974522975,54.296717,10.049138,Acer campestre L.
2850664119,52.401632,13.372155,Artemisia vulgaris L.
2609121493,47.481761,10.340349,Soldanella alpina L.
2976938735,51.843474,6.254475,Urtica dioica L.
2976362815,51.255845,7.285965,Prunus spinosa L.
2646002162,50.553256,12.938685,Filipendula ulmaria (L.) Maxim.
2977104005,47.880748,9.581617,Phyteuma spicatum L.
3387967866,48.079136,11.615623,Genista tinctoria L.
2330156735,50.843822,7.002749,Sonchus oleraceus L.
3717080713,51.856041,7.205947,Vicia cracca L.
1807958194,52.024437,7.698901,Ornithopus perpusillus L.
1580290362,50.418335,8.203289,Picea abies (L.) H.Karst.
3388008597,48.929245,11.795272,Vincetoxicum hirundinaria Medik.
2283871686,48.93927,9.983923,Centaurea cyanus L.
2329801833,50.103073,8.890171,Rhinanthus minor L.
2329852618,52.871513,8.646927,Rubus fruticosus L.
2977656629,51.105956,9.072703,Sambucus racemosa L.
2329716119,48.775974,10.020625,Ranunculus flammula L.
2978290795,49.954146,11.57819,Viburnum rhytidophyllum Hemsl. ex Forbes & Hemsl.
1338600408,48.846489,9.501801,Epilobium tetragonum subsp. tetragonum
2977404986,52.533749,13.828724,Chelidonium majus L.
2645019306,51.00581,5.873212,Borago officinalis L.
1579868340,53.724201,11.000114,Brassica napus L.
1339488124,51.297134,6.313963,Papaver rhoeas L.
2644337356,49.257382,6.70018,Clematis vitalba L.
3388577161,51.329216,6.400609,Cardamine hirsuta L.
2976596361,51.384848,7.730863,Acer campestre L.
2646924492,49.251336,8.025696,Phytolacca americana L.
2976096012,52.370792,8.666505,Reynoutria sachalinensis (F.Schmidt) Nakai
2643829061,53.631663,10.173401,Lysimachia punctata L.
3388852503,51.29258,9.59464,Rosa L.
3330746212,49.981055,10.268537,Securigera varia (L.) Lassen
2330732170,52.160145,8.247342,Thlaspi arvense L.
2649791511,51.263674,11.078618,Trifolium pratense L.
3388246730,50.810658,8.799534,Viola canina L.
1579800690,49.135902,8.907509,Anethum graveolens L.
2976532039,51.441169,6.891668,Nicandra physalodes (L.) Gaertn.
2647484855,52.526775,13.289167,Plantago lanceolata L.
1844620386,48.674011,10.123811,Iris Tourn. ex L.
2648206692,48.984623,8.392992,Syringa vulgaris L.
2329717314,53.904415,10.721283,Ranunculus acris L.
3415474422,50.712905,12.503876,Hypericum perforatum L.
2648917198,47.691295,9.147646,Cornus sanguinea L.
1676717778,47.731064,7.499631,Asplenium trichomanes subsp. pachyrachis (Christ) Lovis & Reichst.
3773504615,49.872495,8.656562,Geranium robertianum L.
2644632210,51.681908,6.949384,Ornithogalum umbellatum L.
2641398621,51.398164,14.163122,Erica tetralix L.
2648930971,54.479949,9.699388,Arctium minus (Hill) Bernh.
3716332588,51.459309,6.852643,Aphanes arvensis L.
3388116980,48.889778,10.009918,Rubus vulgaris Focke
3388857422,48.32373,7.88312,Sambucus nigra L.
2648452250,48.398424,11.722641,Euonymus europaeus L.
1337970269,50.901085,9.594498,Ajuga reptans L.
1580186333,51.080799,6.792598,Myosotis L.
3731131981,50.540691,6.59118,Galium mollugo L.
2975131468,51.846939,7.203963,Calendula officinalis L.
2647906321,50.821148,6.47791,Sonchus asper (L.) Hill
3388892300,48.080593,11.609402,Salix caprea L.
2330860493,49.186604,8.057978,Trifolium incarnatum L.
1580294835,48.773998,10.290453,Hieracium pilosella L.
2977520217,52.52532,13.381101,Medicago sativa L.
2976566238,52.02995,7.589326,Lunaria annua L.
2331334243,53.152771,8.656569,Urtica dioica subsp. dioica
2648131608,52.281758,13.652479,Capsella bursa-pastoris (L.) Medik.
2975225660,50.040335,8.307382,Triticum aestivum L.
922260738,49.822121,8.493977,Lycopersicon esculentum Mill.
2273632176,52.440239,13.713018,Dianthus carthusianorum L.
833582474,50.640833,8.106111,Trifolium repens L.
2330154464,49.996704,8.485909,Sorbus aucuparia L.
3032053286,50.157902,8.506639,Juglans regia L.
2330739562,49.941956,9.803516,Microthlaspi perfoliatum (L.) F.K.Mey.
2572271709,50.279064,8.893461,Primula elatior (L.) L.
1038786833,47.802143,7.592711,Potentilla reptans L.
2840416635,50.553457,6.239869,Cardamine flexuosa With.
1038556112,53.724442,10.178318,Calla palustris L.
2976004615,49.860803,10.240121,Buxus sempervirens L.
1883800070,52.390266,13.027381,Centaurea jacea L.
3388175005,47.573284,11.150093,Valeriana officinalis L.
2329858931,49.428616,8.738594,Rubus fruticosus L.
2975086270,48.958024,10.719952,Geranium pratense L.
2976124358,52.30635,9.473143,Spiraea japonica L.fil.
2442834793,48.884529,9.48369,Lathyrus linifolius (Reichard) Bässler
2465229542,52.5075,13.263047,Oxalis stricta L.
2977618705,48.276498,7.788287,Coreopsis tinctoria Nutt.
2833826719,50.3666,6.647958,Campanula glomerata L.
1881566690,49.184509,8.853092,Erigeron annuus subsp. annuus
2978135846,48.768762,8.893344,Medicago sativa L.
1038577590,48.972385,9.590866,Chrysosplenium alternifolium L.
3388031242,49.499718,8.675052,Digitalis purpurea L.
1702452179,51.983414,9.869104,Asarum europaeum L.
2645585267,50.99409,11.061278,Daucus carota L.
1676574830,50.584103,8.677823,Acer platanoides L.
2647755494,51.121457,7.876436,Viburnum opulus L.
2442802356,48.52734,9.286119,Lathyrus vernus (L.) Bernh.
2646141650,50.168632,11.174632,Achillea millefolium L.
2645106969,52.519076,11.404125,Viburnum opulus L.
2976543907,50.970528,7.050319,Chelidonium majus L.
3112364418,49.387799,9.213982,Ophrys araneola Rchb.
3725089680,51.914249,6.807204,Oxalis acetosella L.
2975139036,50.248738,7.630987,Echium vulgare L.
3388503432,49.533855,11.488695,Listera ovata (L.) R.Br.
2649627891,49.974614,8.807979,Mirabilis jalapa L.
2975698272,53.505258,10.143409,Verbascum nigrum L.
921147672,47.845482,9.622564,Colchicum autumnale L.
2644107372,50.809461,12.400114,Datura stramonium L.
2644462652,53.611986,9.91436,Humulus lupulus L.
2643872844,52.448098,10.263165,Hedera helix L.
2648430336,50.490273,8.255916,Viburnum opulus L.
3388001878,53.586823,10.121669,Crepis capillaris (L.) Wallr.
922312731,50.063938,8.148543,Melilotus officinalis (L.) Lam.
2648223717,50.157156,8.964201,Heracleum sphondylium L.
2331372186,53.173492,9.957114,Vaccinium myrtillus L.
2977985881,53.028465,8.445555,Geranium sanguineum L.
1677225904,49.949959,7.120686,Herniaria glabra L.
2329724370,48.94849,12.019472,Ranunculus bulbosus L.
2976658300,52.31458,13.698175,Alliaria petiolata (M.Bieb.) Cavara & Grande
2977545056,52.541963,13.132839,Achillea filipendulina Lam.
2330147208,54.118023,13.433146,Sorbus aucuparia L.
2802939072,49.727311,7.051511,"Sphagnum compactum Lamarck & A.P.de Candolle, 1805"
3773606386,54.025416,9.266742,Bromus hordeaceus L.
2647509071,53.336829,10.025173,Buxus sempervirens L.
3338115942,50.691512,8.594875,Galeopsis segetum Neck.
2976517168,49.404458,8.165627,Calluna vulgaris (L.) Hull
2975922162,53.31993,8.925361,Impatiens glandulifera Royle
2329638868,51.916637,10.476151,Pyrus pyraster (L.) Burgsd.
3391490761,54.064582,8.958563,Atriplex portulacoides L.
2649623163,48.531919,9.073553,Lythrum salicaria L.
3731789906,51.596048,9.100598,Verbascum L.
2976814893,52.06824,11.822354,Dasiphora fruticosa (L.) Rydb.
2977017087,52.276789,13.942727,Allium schoenoprasum L.
2647643374,49.704822,10.259898,Alcea rosea L.
2975411046,48.182687,11.620365,Fagus sylvatica L.
2862314581,51.188708,7.085667,Crataegus laevigata (Poir.) DC.
2976626270,48.945786,8.971285,Trifolium incarnatum L.
1580091598,50.095963,8.983768,Geranium pratense L.
2975704654,49.067731,8.537615,Filipendula ulmaria (L.) Maxim.
923097373,53.52739,10.239359,Poa pratensis L.
2247806838,52.47831,13.050887,Pinus sylvestris L.
2330368836,50.851974,8.853565,Stellaria holostea L.
2975233052,50.633795,8.07247,Lactuca sativa L.
2329719441,48.894688,9.319153,Ranunculus acris L.
3730655748,51.670005,9.366095,Corylus avellana L.
2647911632,51.48918,7.009234,Acer platanoides L.
2977260271,50.577047,8.669103,Digitalis purpurea L.
3124750792,54.036243,11.761889,Trifolium incarnatum L.
923066341,52.447952,13.467264,Plantago lanceolata L.
1038618826,47.483685,10.22501,Dactylorhiza incarnata (L.) Soó
2645531881,51.457224,12.631952,Trifolium pratense L.
2975638281,53.142288,11.24437,Onopordum acanthium L.
2644850341,49.9859,9.076077,Prunus avium (L.) L.
2329795424,53.666664,10.09532,Rhinanthus minor L.
921478022,48.89138,9.737357,"Dicranum montanum Hedwig, 1801"
3389533788,49.352539,11.349922,Plantago lanceolata L.
3724102821,50.7093,7.089356,Galanthus nivalis L.
2974699676,51.069013,13.760978,Geranium robertianum L.
932776699,53.960831,10.866852,Convolvulus arvensis L.
3389695702,48.84478,9.440088,Viola odorata L.
2329927441,50.599522,9.113238,Sanguisorba minor Bertol.
2645215770,50.754665,12.894595,Symphytum officinale L.
2645318933,51.459537,6.812733,Lotus corniculatus L.
2977267837,52.445949,13.3342,Crataegus laevigata (Poir.) DC.
921853092,48.899147,9.396358,Galium mollugo L.
2976748341,51.235773,7.670783,Viburnum rhytidophyllum Hemsl. ex Forbes & Hemsl.
2235651173,48.973976,10.123808,Forsythia Vahl
2644307646,48.992519,12.092515,Verbena officinalis L.
1677183711,51.925606,7.626105,Geranium robertianum L.
2644497128,50.358118,8.694123,Lamium purpureum L.
1848607905,50.541744,7.419183,Cornus sanguinea L.
1579895992,52.837578,8.842681,Caltha palustris L.
2649460932,50.998768,8.541946,Pyracantha coccinea M.Roem.
3388015371,52.178665,9.798272,Veronica persica Poir.
2643938831,50.733936,12.359744,Ilex aquifolium L.
700408702,51.305113,6.142943,Scenedesmus obliquus (Turpin) Kütz.
2976511715,47.892685,11.194122,Prunus padus L.
2449385369,52.363827,13.187615,Polygonum aviculare L.
2823406479,47.878015,8.004377,Chamaenerion angustifolium (L.) Scop.
3113678513,51.319413,12.37199,Berberis aquifolium Pursh
2468729192,48.85503,9.38889,Mycelis muralis (L.) Dumort.
1841133531,49.111412,8.898754,Lamium galeobdolon subsp. argentatum (Smejkal) J.Duvign.
2331335084,48.036373,7.58091,Urtica dioica subsp. dioica
3387769815,48.923981,10.373773,Prunus avium (L.) L.
3388166387,49.923859,7.874126,Bupleurum falcatum L.
2977203079,49.970864,9.214442,Cirsium arvense (L.) Scop.
2648509700,50.781569,10.789562,Salvia pratensis L.
1338315972,48.985569,10.227585,Campanula patula L.
2850658994,53.880688,10.802853,Cytisus scoparius (L.) Link
2237182063,49.760571,7.578952,Forsythia Vahl
2648285383,51.403094,7.233074,Chelidonium majus L.
2814328257,54.575586,13.104245,Galium verum L.
2975991280,48.679695,9.798094,Paris quadrifolia L.
2647464665,53.659754,10.019788,Berberis thunbergii DC.
2975893884,53.956287,14.044198,Colutea arborescens L.
3097206690,52.32777,9.448077,Draba verna L.
2644800077,52.520428,7.342376,Primula elatior Hill
1835281091,51.889668,7.567868,Plantago lanceolata L.
3730864572,52.361694,7.858064,Scrophularia nodosa L.
1038685693,54.090157,10.880542,Herniaria glabra L.
2331488512,53.489296,10.133729,Viscum album subsp. album
2596439296,52.492842,13.31936,Acer campestre L.
2570056356,50.481884,7.360843,Helleborus foetidus L.
2649039735,48.015493,9.503363,Echium vulgare L.
2329795533,49.317459,8.710451,Rhinanthus alectorolophus (Scop.) Pollich
3389598998,50.157986,8.498955,Rubus L.
2859984973,51.870474,12.116421,Butomus umbellatus L.
2330832485,52.67326,13.040128,Tragopogon orientalis L.
2646733176,48.796901,9.685571,Fagus sylvatica L.
2977056728,51.287667,6.918892,Fagus sylvatica L.
1883787568,52.51849,13.404709,Achillea millefolium L.
3124770903,52.413295,12.551333,Ulmus glabra Huds.
2649542067,48.44739,10.779982,Vinca minor L.
2237038370,48.881596,10.291743,Anemone blanda Schott & Kotschy
3722590409,51.358655,7.614713,Inula L.
2645660655,51.683464,6.599447,Rubus phoenicolasius Maxim.
1579860814,51.338493,6.213348,Betula pendula Roth
1851290184,49.190735,8.889399,Acer campestre L.
2647425117,50.924131,6.104626,Hesperis matronalis L.
2331454825,54.083664,10.787716,Veronica chamaedrys subsp. chamaedrys
3388605862,50.585056,9.117059,Orchis mascula (L.) L.
2005362415,53.97786,11.245733,Hippophae rhamnoides L.
2330860795,52.63628,13.490117,Trifolium pratense L.
3388005863,49.730137,8.564014,Cichorium intybus L.
1844620638,51.274536,6.172299,Juncus effusus L.
2648691840,49.537596,8.556635,Achillea millefolium L.
1580125056,49.79314,7.495806,Isatis tinctoria L.
2649759828,49.926545,10.924715,Pyracantha coccinea M.Roem.
2645648300,51.301216,12.385891,Robinia pseudoacacia L.
2648672984,48.070673,11.959362,Pilosella aurantiaca (L.) F.W.Schultz & Sch.Bip.
3715865955,50.144181,7.202311,Melampyrum arvense L.
2974374793,51.710488,8.442511,Allium scorodoprasum L.
2649171413,52.754156,13.248223,Corylus avellana L.
1580110079,49.79314,7.495806,Helleborus foetidus L.
2645243100,50.990931,11.145136,Geum urbanum L.
2329743539,49.136913,8.914332,Ranunculus auricomus L.
2974397958,50.395935,6.989954,Veronica longifolia L.
2977776388,50.660356,11.057839,Prunella vulgaris L.
1580265787,47.710201,9.942388,Phragmites australis (Cav.) Trin. ex Steud.
3388442871,50.43103,8.900404,Lythrum salicaria L.
922114955,50.707722,6.192111,Juncus effusus L.
2645367684,51.898574,10.839637,Anthriscus sylvestris (L.) Hoffm.
2647891531,50.987369,11.063381,Melissa officinalis L.
2634617286,47.926233,7.710173,Centaurea cyanus L.
1580307539,52.921066,8.397664,Populus tremula L.
2648212979,47.684396,9.206419,Betula pendula Roth
3307129371,51.899172,8.916921,Matricaria chamomilla L.
1038736582,47.723274,8.032207,Myosotis nemorosa Besser
2648141272,50.87688,14.054963,Bellis perennis L.
2646148927,49.374444,10.234417,Quercus rubra L.
1677249451,49.315109,8.828013,Jurinea cyanoides (L.) Rchb.
2976329322,49.285275,7.317097,Chenopodium album L.
1677387086,49.973045,8.912658,Lysimachia vulgaris L.
2649074381,47.675398,12.485749,Prunus cerasifera Ehrh.
2646025343,50.930891,8.415058,Prunella vulgaris L.
2648631095,51.167039,13.563518,Plantago lanceolata L.
922134838,49.425434,8.447971,Lathyrus tuberosus L.
2381421722,50.118408,8.932682,Senecio vulgaris L.
3330536382,52.250397,14.068513,Silene latifolia Poir.
2974792107,50.787221,12.560745,Lunaria annua L.
3383929505,49.99096,10.250788,Cirsium arvense (L.) Scop.
1338536236,50.42252,8.907638,Daucus carota L.
3118264701,49.83909,8.601585,Polygonatum odoratum (Mill.) Druce
2648157211,53.480592,12.429384,Berberis aquifolium Pursh
922259784,51.404133,7.171669,Lythrum salicaria L.
2832585199,50.368039,6.642494,Orchis anthropophora (L.) All.
2976195885,49.680065,9.736654,Cosmos bipinnatus Cav.
2975653998,50.974874,7.86867,Cornus sanguinea L.
3388515867,52.409698,13.828397,Frangula alnus Mill.
1899868314,48.764393,8.248105,Galium mollugo L.
3307120718,49.473039,8.227448,Malva sylvestris subsp. mauritiana (L.) Thell.
833558031,49.728054,8.003888,Lepidium ruderale L.
2649527430,53.582966,10.048211,Berberis aquifolium Pursh
2976286706,49.473843,10.961036,Brassica oleracea L.
920900380,50.601662,11.563251,"Calliergonella cuspidata Loeske, 1911"
3389727936,49.89278,11.13562,Lilium martagon L.
2329827678,48.84478,9.440088,Rosa corymbifera Borkh.
3388689451,52.554195,9.477983,Rumex acetosella L.
2975724754,52.646824,10.010594,Hypericum perforatum L.
3112309915,54.134851,10.620814,Ficaria verna Huds.
3391336972,54.450531,12.549502,Calluna vulgaris (L.) Hull
2646757052,49.811008,7.809369,Robinia pseudoacacia L.
2649512927,50.059961,8.815514,Syringa vulgaris L.
2976751897,49.99033,7.942627,Lepidium draba L.
3355136180,50.137104,9.011878,Geum urbanum L.
2442868768,52.522419,13.382696,Lamium purpureum L.
2648095462,48.702469,9.297132,Primula veris L.
3388715554,51.993752,9.888612,Trifolium repens L.
2649503158,51.21284,6.481179,Quercus rubra L.
2329815470,47.555019,10.579967,Ribes alpinum L.
2978344726,52.334693,13.09906,Euonymus europaeus L.
921203365,50.549011,7.173965,Cornus sanguinea L.
2836407426,48.438575,7.782404,Valeriana dioica L.
2646876872,51.789663,7.216901,Echium vulgare L.
2974858265,49.921916,8.23004,Primula veris L.
1338752740,49.333008,11.421404,Gagea lutea (L.) Ker Gawl.
2646994627,51.002531,11.000271,Ilex aquifolium L.
2331289288,50.579258,6.378029,Tussilago farfara L.
3726549220,52.061615,8.491571,Geum urbanum L.
1338113323,49.184174,9.062347,"Armoracia rusticana P.Gaertn., B.Mey. & Scherb."
922062123,50.629543,9.045181,Hieracium murorum L.
